,actual,predicted
2013-12-16 00:00:00,235.49147033691406,240.484959140297
2013-12-16 00:10:00,268.6986389160156,224.32871030786683
2013-12-16 00:20:00,251.87127685546875,237.13970648973716
2013-12-16 00:30:00,218.37869262695312,233.0448473725546
2013-12-16 00:40:00,231.682373046875,214.95384632672295
2013-12-16 00:50:00,209.62327575683594,217.12934616707318
2013-12-16 01:00:00,209.11622619628906,204.84019245688017
2013-12-16 01:10:00,234.8262939453125,200.80281828384327
2013-12-16 01:20:00,214.24179077148438,214.45348712182525
2013-12-16 01:30:00,205.26600646972656,208.660774466293
2013-12-16 01:40:00,218.9016876220703,203.35633139359308
2013-12-16 01:50:00,192.52029418945312,209.71755064685868
2013-12-16 02:00:00,199.50375366210938,196.82023073522714
2013-12-16 02:10:00,205.0874786376953,196.6179477824718
2013-12-16 02:20:00,198.84014892578125,199.07285469843984
2013-12-16 02:30:00,198.9604034423828,196.60821999940453
2013-12-16 02:40:00,209.12245178222656,196.30959692582937
2013-12-16 02:50:00,184.2607879638672,202.3743236852468
2013-12-16 03:00:00,201.11851501464844,190.4672561551851
2013-12-16 03:10:00,206.08856201171875,196.30212456890163
2013-12-16 03:20:00,183.4329833984375,200.76851816374875
2013-12-16 03:30:00,199.3129119873047,189.8204084339053
2013-12-16 03:40:00,200.50999450683594,195.31718575174838
2013-12-16 03:50:00,179.147216796875,197.4124639020023
2013-12-16 04:00:00,210.1460418701172,186.14436746800928
2013-12-16 04:10:00,205.1421661376953,200.1525988425359
2013-12-16 04:20:00,186.78494262695312,202.06282171086661
2013-12-16 04:30:00,202.2359619140625,193.34678766288923
2013-12-16 04:40:00,209.58192443847656,199.29199114031698
2013-12-16 04:50:00,187.60781860351562,205.25549251520644
2013-12-16 05:00:00,199.04660034179688,195.17185563176554
2013-12-16 05:10:00,207.054443359375,198.34980580709038
2013-12-16 05:20:00,190.38157653808594,203.41541445753572
2013-12-16 05:30:00,223.3521728515625,195.77289112473747
2013-12-16 05:40:00,245.7147674560547,212.59267363591158
2013-12-16 05:50:00,222.85623168945312,232.16175516465063
2013-12-16 06:00:00,260.9242858886719,228.39714247646393
2013-12-16 06:10:00,247.20167541503906,251.4180791123137
2013-12-16 06:20:00,266.1712341308594,252.4958916130479
2013-12-16 06:30:00,276.30633544921875,265.82703511368993
2013-12-16 06:40:00,298.9287414550781,277.1044009709111
2013-12-16 06:50:00,312.3899230957031,295.6984915899878
2013-12-16 07:00:00,394.88720703125,311.83443518844797
2013-12-16 07:10:00,431.52093505859375,368.4032433799128
2013-12-16 07:20:00,415.4026794433594,414.5446988550884
2013-12-16 07:30:00,571.259521484375,428.91532300092575
2013-12-16 07:40:00,687.500732421875,530.7390861905915
2013-12-16 07:50:00,701.3596801757812,641.8296822523821
2013-12-16 08:00:00,786.6495361328125,704.0277455705419
2013-12-16 08:10:00,864.5313720703125,789.3936684335941
2013-12-16 08:20:00,827.6869506835938,873.9954000421417
2013-12-16 08:30:00,943.0732421875,890.6975695630362
2013-12-16 08:40:00,941.9222412109375,968.2961041113808
2013-12-16 08:50:00,958.7627563476562,995.097050554626
2013-12-16 09:00:00,1005.68212890625,1016.2461053500678
2013-12-16 09:10:00,947.1947021484375,1048.8404014324287
2013-12-16 09:20:00,1039.7557373046875,1022.9531010867647
2013-12-16 09:30:00,1177.9468994140625,1063.5166184727987
2013-12-16 09:40:00,1378.119873046875,1154.0379849441556
2013-12-16 09:50:00,1307.9144287109375,1309.0026370299859
2013-12-16 10:00:00,1375.5152587890625,1337.8671098969198
2013-12-16 10:10:00,1535.1358642578125,1402.3220963442664
2013-12-16 10:20:00,1544.4212646484375,1523.0685430559954
2013-12-16 10:30:00,1844.8209228515625,1578.9792483399503
2013-12-16 10:40:00,1830.6473388671875,1785.5168675850014
2013-12-16 10:50:00,1691.1368408203125,1863.0818716996055
2013-12-16 11:00:00,1946.19140625,1825.84846220229
2013-12-16 11:10:00,2060.528564453125,1961.8251683814472
2013-12-16 11:20:00,1895.3394775390625,2072.745621041864
2013-12-16 11:30:00,2091.259033203125,2023.766002288608
2013-12-16 11:40:00,2280.435302734375,2122.0029955799305
2013-12-16 11:50:00,2099.23828125,2261.6994017845745
2013-12-16 12:00:00,2325.86474609375,2212.6361164397863
2013-12-16 12:10:00,2471.347900390625,2332.684968940976
2013-12-16 12:20:00,2571.21728515625,2457.409157063203
2013-12-16 12:30:00,2942.43017578125,2571.4804304037543
2013-12-16 12:40:00,3023.580078125,2844.9067011373745
2013-12-16 12:50:00,2895.759521484375,3012.265314094903
2013-12-16 13:00:00,2836.356201171875,3026.039567204736
2013-12-16 13:10:00,2747.23046875,3005.183352537308
2013-12-16 13:20:00,2741.352783203125,2932.6769356663963
2013-12-16 13:30:00,2625.236083984375,2881.270559157309
2013-12-16 13:40:00,2439.5419921875,2769.613499515181
2013-12-16 13:50:00,2330.18505859375,2596.154642015269
2013-12-16 14:00:00,2250.539794921875,2439.7520607275164
2013-12-16 14:10:00,2452.45654296875,2304.6092577053087
2013-12-16 14:20:00,2287.468994140625,2349.686549643521
2013-12-16 14:30:00,2598.777099609375,2259.766826865185
2013-12-16 14:40:00,2495.075927734375,2416.419489203259
2013-12-16 14:50:00,2404.9189453125,2421.201619401024
2013-12-16 15:00:00,2756.044677734375,2392.459960036191
2013-12-16 15:10:00,2666.0458984375,2597.0766389109076
2013-12-16 15:20:00,2563.4814453125,2630.723282599662
2013-12-16 15:30:00,2755.273193359375,2606.3068182591023
2013-12-16 15:40:00,2573.361572265625,2715.8378279267113
2013-12-16 15:50:00,2606.248779296875,2649.905223634214
2013-12-16 16:00:00,2502.157958984375,2648.8190959021863
2013-12-16 16:10:00,2652.33056640625,2577.902381020246
2013-12-16 16:20:00,2498.97705078125,2632.1802919034726
2013-12-16 16:30:00,2375.4404296875,2554.292097129244
2013-12-16 16:40:00,2540.629638671875,2451.433853179545
2013-12-16 16:50:00,2666.779296875,2498.278883990918
2013-12-16 17:00:00,2360.894287109375,2581.2411625006116
2013-12-16 17:10:00,2345.5107421875,2439.8007920911978
2013-12-16 17:20:00,2407.063232421875,2382.5670669537853
2013-12-16 17:30:00,2401.05078125,2383.5343839798934
2013-12-16 17:40:00,2309.8515625,2373.9627499010903
2013-12-16 17:50:00,2173.943359375,2317.6905013057153
2013-12-16 18:00:00,2108.693115234375,2215.9852111180408
2013-12-16 18:10:00,2094.290283203125,2132.138432224252
2013-12-16 18:20:00,1914.79736328125,2080.680993749499
2013-12-16 18:30:00,1835.461669921875,1947.100161650305
2013-12-16 18:40:00,1703.633056640625,1843.02833663948
2013-12-16 18:50:00,1701.658203125,1713.5253779943414
2013-12-16 19:00:00,1470.9400634765625,1652.9431206539757
2013-12-16 19:10:00,1363.09765625,1485.121376027862
2013-12-16 19:20:00,1298.975830078125,1352.7576003428865
2013-12-16 19:30:00,1156.0064697265625,1252.1682767326877
2013-12-16 19:40:00,1073.97607421875,1121.0732662988082
2013-12-16 19:50:00,1028.4085693359375,1017.9705031601405
2013-12-16 20:00:00,956.5596313476562,946.4188891201562
2013-12-16 20:10:00,784.1228637695312,875.3816584703325
2013-12-16 20:20:00,883.4197998046875,748.8232734604828
2013-12-16 20:30:00,768.9912719726562,759.948637090429
2013-12-16 20:40:00,787.5692138671875,696.2714263472913
2013-12-16 20:50:00,758.16796875,692.4052923525214
2013-12-16 21:00:00,688.5382080078125,678.9626875056738
2013-12-16 21:10:00,611.97021484375,641.3642775892578
2013-12-16 21:20:00,636.9760131835938,587.9860554939038
2013-12-16 21:30:00,682.1845092773438,584.0962204656457
2013-12-16 21:40:00,578.6384887695312,609.8991781422219
2013-12-16 21:50:00,852.7145385742188,564.358866692723
2013-12-16 22:00:00,630.8095703125,715.4461294375933
2013-12-16 22:10:00,538.052734375,648.072327028931
2013-12-16 22:20:00,587.2308959960938,583.0628733429384
2013-12-16 22:30:00,603.6653442382812,582.3787683389922
2013-12-16 22:40:00,327.0047607421875,585.1195335351922
2013-12-16 22:50:00,384.3140563964844,422.47145540339903
2013-12-16 23:00:00,409.8654479980469,389.8521410869091
2013-12-16 23:10:00,307.82080078125,376.7825740232572
2013-12-16 23:20:00,442.71734619140625,308.0563573732031
2013-12-16 23:30:00,341.5479431152344,361.3858962531418
2013-12-16 23:40:00,313.4933166503906,321.7180696728893
2013-12-16 23:50:00,304.57843017578125,297.75061565527466
2013-12-17 00:00:00,286.5462646484375,283.64946381865525
2013-12-17 00:10:00,232.73165893554688,267.796310147634
2013-12-17 00:20:00,268.5734558105469,230.8268325559841
2013-12-17 00:30:00,226.39561462402344,237.8253486169618
2013-12-17 00:40:00,187.17807006835938,214.80994772435292
2013-12-17 00:50:00,222.8245391845703,184.979022109448
2013-12-17 01:00:00,234.36074829101562,194.06595642446996
2013-12-17 01:10:00,216.705078125,203.91650428430017
2013-12-17 01:20:00,229.82293701171875,200.55645822877102
2013-12-17 01:30:00,209.51702880859375,210.3466283435059
2013-12-17 01:40:00,183.13839721679688,204.12916524961125
2013-12-17 01:50:00,202.82635498046875,188.21761383912855
2013-12-17 02:00:00,204.51138305664062,193.6581507527399
2013-12-17 02:10:00,173.6049041748047,195.94886248217819
2013-12-17 02:20:00,195.62657165527344,179.59358886142013
2013-12-17 02:30:00,199.5391082763672,186.7116779761958
2013-12-17 02:40:00,188.9645233154297,190.96462716740172
2013-12-17 02:50:00,206.67401123046875,187.49221756011988
2013-12-17 03:00:00,213.54119873046875,197.54493723297742
2013-12-17 03:10:00,164.38319396972656,205.93445409066064
2013-12-17 03:20:00,205.71875,181.5930270673711
2013-12-17 03:30:00,189.83380126953125,196.9258442728584
2013-12-17 03:40:00,165.30068969726562,191.60003733077073
2013-12-17 03:50:00,211.25015258789062,176.01074527283947
2013-12-17 04:00:00,207.73287963867188,196.3888750930194
2013-12-17 04:10:00,186.83726501464844,201.30150049027367
2013-12-17 04:20:00,212.570068359375,192.97805155048516
2013-12-17 04:30:00,199.1199951171875,205.6426060514191
2013-12-17 04:40:00,189.59637451171875,202.21906232522653
2013-12-17 04:50:00,206.41567993164062,196.172461870623
2013-12-17 05:00:00,199.144287109375,203.2573470740429
2013-12-17 05:10:00,175.22329711914062,201.07822268011464
2013-12-17 05:20:00,211.2244415283203,186.48330087658925
2013-12-17 05:30:00,229.97119140625,201.43072002142162
2013-12-17 05:40:00,222.1173858642578,217.21910061711128
2013-12-17 05:50:00,266.7799072265625,220.51557222507333
2013-12-17 06:00:00,266.1677551269531,250.17882483611567
2013-12-17 06:10:00,263.9270324707031,262.7011998009583
2013-12-17 06:20:00,294.2685852050781,269.26494933568944
2013-12-17 06:30:00,338.5155944824219,290.95452269530347
2013-12-17 06:40:00,300.83544921875,326.0565068503042
2013-12-17 06:50:00,334.59588623046875,319.56819009539737
2013-12-17 07:00:00,372.8946533203125,339.29674950387516
2013-12-17 07:10:00,395.45794677734375,368.4694045694851
2013-12-17 07:20:00,485.6630554199219,394.1783457332442
2013-12-17 07:30:00,532.4592895507812,459.7902620995137
2013-12-17 07:40:00,655.9977416992188,516.1847940173179
2013-12-17 07:50:00,615.734375,617.7808826566707
2013-12-17 08:00:00,815.67236328125,640.5496856205748
2013-12-17 08:10:00,860.331298828125,775.8583085581184
2013-12-17 08:20:00,898.1624755859375,858.2287867015127
2013-12-17 08:30:00,989.781005859375,923.6083383449038
2013-12-17 08:40:00,1054.8189697265625,1009.0584155744768
2013-12-17 08:50:00,1021.7022094726562,1083.6587096735395
2013-12-17 09:00:00,1202.5074462890625,1096.614717681749
2013-12-17 09:10:00,1175.494873046875,1209.0308194351646
2013-12-17 09:20:00,1208.6597900390625,1233.7244699829305
2013-12-17 09:30:00,1515.6707763671875,1266.4951321674293
2013-12-17 09:40:00,1457.8253173828125,1457.5339069087172
2013-12-17 09:50:00,1643.7093505859375,1498.953927425554
2013-12-17 10:00:00,1801.772216796875,1638.0693263325438
2013-12-17 10:10:00,1685.9156494140625,1788.6100744124847
2013-12-17 10:20:00,1870.2852783203125,1788.6018298642643
2013-12-17 10:30:00,2009.8277587890625,1904.6080750108922
2013-12-17 10:40:00,2115.167236328125,2026.866370380506
2013-12-17 10:50:00,2189.17919921875,2140.6484755877973
2013-12-17 11:00:00,2373.073974609375,2234.9329677529313
2013-12-17 11:10:00,2419.59130859375,2385.1602863564135
2013-12-17 11:20:00,2399.6025390625,2474.969025524684
2013-12-17 11:30:00,2747.8427734375,2504.9333523806517
2013-12-17 11:40:00,2722.4501953125,2721.834665973118
2013-12-17 11:50:00,2746.52490234375,2788.9947927056132
2013-12-17 12:00:00,3049.98095703125,2840.7340881161604
2013-12-17 12:10:00,3267.657470703125,3038.8876507700343
2013-12-17 12:20:00,3414.501953125,3243.65674858554
2013-12-17 12:30:00,3345.72900390625,3423.9392693753507
2013-12-17 12:40:00,3298.147216796875,3469.0308979104975
2013-12-17 12:50:00,3465.880615234375,3466.083353776898
2013-12-17 13:00:00,3780.84765625,3554.6230315279363
2013-12-17 13:10:00,3528.13330078125,3761.5422693566825
2013-12-17 13:20:00,3180.517333984375,3692.3848834684095
2013-12-17 13:30:00,3207.712890625,3466.1683707668585
2013-12-17 13:40:00,3084.099853515625,3370.100927683962
2013-12-17 13:50:00,3100.283447265625,3220.5103595636187
2013-12-17 14:00:00,2912.166015625,3145.650384359583
2013-12-17 14:10:00,2747.74365234375,2983.0977584562825
2013-12-17 14:20:00,3064.207275390625,2809.0030958656516
2013-12-17 14:30:00,3493.07666015625,2910.030214208419
2013-12-17 14:40:00,3494.293701171875,3193.291988396622
2013-12-17 14:50:00,3327.08984375,3329.942545946385
2013-12-17 15:00:00,3834.56396484375,3327.8407077662687
2013-12-17 15:10:00,3711.87353515625,3650.6334880280733
2013-12-17 15:20:00,3805.80419921875,3715.497920604833
2013-12-17 15:30:00,3740.745361328125,3826.9923048350156
2013-12-17 15:40:00,3454.329345703125,3839.66863496035
2013-12-17 15:50:00,3726.890625,3677.8236514186515
2013-12-17 16:00:00,3713.549072265625,3762.42850610567
2013-12-17 16:10:00,3620.4912109375,3762.7731096607126
2013-12-17 16:20:00,3765.241943359375,3705.2209881511926
2013-12-17 16:30:00,3523.923583984375,3761.8529186678343
2013-12-17 16:40:00,3190.940185546875,3632.534712611462
2013-12-17 16:50:00,3253.603759765625,3382.6363187966967
2013-12-17 17:00:00,3166.89794921875,3300.121660849764
2013-12-17 17:10:00,3199.807373046875,3186.243657142971
2013-12-17 17:20:00,2832.129150390625,3148.2947787886333
2013-12-17 17:30:00,3017.744384765625,2908.2382815829524
2013-12-17 17:40:00,2809.268310546875,2920.1248901155486
2013-12-17 17:50:00,2859.929931640625,2786.50608734996
2013-12-17 18:00:00,2789.08349609375,2768.618688359083
2013-12-17 18:10:00,2903.66064453125,2717.3389051974113
2013-12-17 18:20:00,2713.240234375,2771.349161651594
2013-12-17 18:30:00,2432.7080078125,2686.9660808535295
2013-12-17 18:40:00,2396.05078125,2500.290816766185
2013-12-17 18:50:00,2225.315673828125,2400.899266842694
2013-12-17 19:00:00,2031.5811767578125,2245.3292376403238
2013-12-17 19:10:00,1764.9193115234375,2060.348547448686
2013-12-17 19:20:00,1662.401123046875,1817.129358890658
2013-12-17 19:30:00,1458.6534423828125,1644.4695829259622
2013-12-17 19:40:00,1410.5338134765625,1437.166555376054
2013-12-17 19:50:00,1176.608642578125,1316.0475683148588
2013-12-17 20:00:00,1152.2928466796875,1121.0640386022237
2013-12-17 20:10:00,1039.3348388671875,1028.8865277269792
2013-12-17 20:20:00,1051.773681640625,922.0560008753714
2013-12-17 20:30:00,1088.3873291015625,892.7549856433336
2013-12-17 20:40:00,1146.57275390625,910.0388200243342
2013-12-17 20:50:00,841.30224609375,966.2565347096041
2013-12-17 21:00:00,738.0812377929688,827.8016283135019
2013-12-17 21:10:00,636.0986938476562,728.9542254105424
2013-12-17 21:20:00,541.0433349609375,625.2050402611543
2013-12-17 21:30:00,626.1454467773438,522.6156379289429
2013-12-17 21:40:00,580.5061645507812,527.0163074270105
2013-12-17 21:50:00,526.9550170898438,499.76796585857153
2013-12-17 22:00:00,533.2279052734375,465.90241398454054
2013-12-17 22:10:00,437.816650390625,462.7643778256762
2013-12-17 22:20:00,423.3980407714844,410.14941550620125
2013-12-17 22:30:00,450.7879943847656,386.4295932455798
2013-12-17 22:40:00,357.087890625,393.9940345411027
2013-12-17 22:50:00,366.49261474609375,344.4835506536073
2013-12-17 23:00:00,434.3018493652344,335.0557970357556
2013-12-17 23:10:00,406.0340576171875,371.1435196800013
2013-12-17 23:20:00,313.5971374511719,372.1942972116944
2013-12-17 23:30:00,311.4370422363281,325.3454484951071
2013-12-17 23:40:00,267.326416015625,308.20337413512976
2013-12-17 23:50:00,268.77532958984375,272.4834136046491
2013-12-18 00:00:00,302.50225830078125,257.8327692290546
2013-12-18 00:10:00,274.30633544921875,269.8557903597801
2013-12-18 00:20:00,234.08193969726562,258.5923506353237
2013-12-18 00:30:00,257.3638916015625,233.57150083460746
2013-12-18 00:40:00,235.94992065429688,238.20136117908513
2013-12-18 00:50:00,214.01556396484375,226.7652016785929
2013-12-18 01:00:00,240.826171875,210.8808275049429
2013-12-18 01:10:00,221.19447326660156,220.68571182983808
2013-12-18 01:20:00,390.00836181640625,212.98130960478102
2013-12-18 01:30:00,384.912353515625,311.82674746611906
2013-12-18 01:40:00,443.6464538574219,351.03180819718006
2013-12-18 01:50:00,421.3802185058594,413.09065354710214
2013-12-18 02:00:00,514.8599243164062,431.4422086219556
2013-12-18 02:10:00,243.27391052246094,499.94232564608495
2013-12-18 02:20:00,216.104736328125,368.21122045107995
2013-12-18 02:30:00,226.12570190429688,300.5888697687502
2013-12-18 02:40:00,232.07020568847656,262.1082474538296
2013-12-18 02:50:00,208.0513153076172,237.84531297819302
2013-12-18 03:00:00,224.9924774169922,207.75767066456137
2013-12-18 03:10:00,227.4930877685547,203.27469384497866
2013-12-18 03:20:00,215.54005432128906,201.6906939083346
2013-12-18 03:30:00,227.6981964111328,195.7331669067743
2013-12-18 03:40:00,220.4786376953125,202.93234425942202
2013-12-18 03:50:00,219.9332275390625,203.54237892740352
2013-12-18 04:00:00,234.73696899414062,206.20224082593077
2013-12-18 04:10:00,256.2188415527344,217.91261795495808
2013-12-18 04:20:00,246.5752410888672,237.07414917728363
2013-12-18 04:30:00,248.08816528320312,241.5338607436652
2013-12-18 04:40:00,255.800537109375,246.94223088425858
2013-12-18 04:50:00,240.23684692382812,254.62538873723628
2013-12-18 05:00:00,262.6799011230469,249.01342068521433
2013-12-18 05:10:00,226.6546630859375,260.34189414720464
2013-12-18 05:20:00,237.54833984375,242.80523610104876
2013-12-18 05:30:00,320.5653381347656,242.41413676387447
2013-12-18 05:40:00,237.57972717285156,289.28112676458744
2013-12-18 05:50:00,259.9902648925781,259.23780846870557
2013-12-18 06:00:00,350.6478576660156,264.3874473509428
2013-12-18 06:10:00,395.6859436035156,317.4810753674552
2013-12-18 06:20:00,404.3985290527344,365.9793881538348
2013-12-18 06:30:00,444.3484191894531,396.4387946359987
2013-12-18 06:40:00,383.6336364746094,437.7612333904587
2013-12-18 06:50:00,395.668212890625,421.423833546313
2013-12-18 07:00:00,412.6433410644531,423.92497331762127
2013-12-18 07:10:00,640.9300537109375,431.09410018000636
2013-12-18 07:20:00,534.0592651367188,566.2756703797769
2013-12-18 07:30:00,616.775146484375,558.1372875391959
2013-12-18 07:40:00,645.0737915039062,615.2299632540667
2013-12-18 07:50:00,727.212646484375,654.385725602528
2013-12-18 08:00:00,844.16650390625,721.442945956479
2013-12-18 08:10:00,895.2709350585938,819.4754838142975
2013-12-18 08:20:00,955.1815185546875,893.8438953201613
2013-12-18 08:30:00,1149.7391357421875,966.5232462365855
2013-12-18 08:40:00,1066.706787109375,1115.3970634031832
2013-12-18 08:50:00,1116.012451171875,1130.5810822689662
2013-12-18 09:00:00,1281.0848388671875,1174.6993348479261
2013-12-18 09:10:00,1437.591064453125,1286.1560411638002
2013-12-18 09:20:00,1523.3577880859375,1421.2315390795366
2013-12-18 09:30:00,1687.1080322265625,1531.791917373402
2013-12-18 09:40:00,1890.7791748046875,1681.6361962231285
2013-12-18 09:50:00,1778.2479248046875,1868.7125404364106
2013-12-18 10:00:00,2044.405029296875,1886.8034376919006
2013-12-18 10:10:00,2085.041748046875,2060.9774365524518
2013-12-18 10:20:00,2082.172119140625,2149.429621049848
2013-12-18 10:30:00,2206.921630859375,2188.7080259168006
2013-12-18 10:40:00,2235.697021484375,2276.3936126537
2013-12-18 10:50:00,2433.782958984375,2321.4389072870526
2013-12-18 11:00:00,2567.3046875,2453.3795839030663
2013-12-18 11:10:00,2423.17529296875,2581.0098161749356
2013-12-18 11:20:00,2505.349365234375,2551.5856122698356
2013-12-18 11:30:00,2565.974365234375,2591.198924380314
2013-12-18 11:40:00,2505.099853515625,2630.932616317285
2013-12-18 11:50:00,2784.489990234375,2603.8952582822662
2013-12-18 12:00:00,2827.285888671875,2752.4838684510823
2013-12-18 12:10:00,3111.164306640625,2829.5959054251334
2013-12-18 12:20:00,3495.6513671875,3037.2508626451527
2013-12-18 12:30:00,3696.756103515625,3355.061551827869
2013-12-18 12:40:00,3801.721923828125,3622.025257158302
2013-12-18 12:50:00,3832.199951171875,3821.789319082413
2013-12-18 13:00:00,3843.62109375,3942.219644106293
2013-12-18 13:10:00,3556.766845703125,4006.2238644357485
2013-12-18 13:20:00,3707.497314453125,3857.87273867451
2013-12-18 13:30:00,3387.06396484375,3871.2515077115586
2013-12-18 13:40:00,3546.14892578125,3652.789959005035
2013-12-18 13:50:00,3306.772216796875,3637.3611338128376
2013-12-18 14:00:00,3144.069091796875,3455.253454803467
2013-12-18 14:10:00,3109.700927734375,3270.5602659047627
2013-12-18 14:20:00,3007.717041015625,3151.349327795412
2013-12-18 14:30:00,3118.41357421875,3020.8440870365275
2013-12-18 14:40:00,2905.193603515625,3021.7520478461315
2013-12-18 14:50:00,3011.456787109375,2889.388108522332
2013-12-18 15:00:00,3081.60009765625,2905.1703123466173
2013-12-18 15:10:00,3195.24462890625,2950.861668403379
2013-12-18 15:20:00,2986.542236328125,3047.599751726956
2013-12-18 15:30:00,2914.819580078125,2979.4835789714907
2013-12-18 15:40:00,2906.71484375,2926.866348381412
2013-12-18 15:50:00,2921.66943359375,2899.774890168336
2013-12-18 16:00:00,3045.429443359375,2894.25402686859
2013-12-18 16:10:00,2982.985595703125,2964.605391005721
2013-12-18 16:20:00,2934.53271484375,2959.555484706126
2013-12-18 16:30:00,2876.20458984375,2938.9938893622907
2013-12-18 16:40:00,2666.97021484375,2898.7157888279726
2013-12-18 16:50:00,2784.430419921875,2757.108650328037
2013-12-18 17:00:00,2585.90380859375,2763.501802596068
2013-12-18 17:10:00,2404.0166015625,2635.0446986666298
2013-12-18 17:20:00,2604.139892578125,2474.5051839561042
2013-12-18 17:30:00,2534.770263671875,2516.4301143252783
2013-12-18 17:40:00,2522.1630859375,2480.0414798446345
2013-12-18 17:50:00,2328.765625,2465.8955871292924
2013-12-18 18:00:00,2323.456298828125,2350.1071123415063
2013-12-18 18:10:00,2236.9736328125,2303.4672964689953
2013-12-18 18:20:00,2041.121826171875,2227.0863479169175
2013-12-18 18:30:00,2037.4705810546875,2078.8977674961448
2013-12-18 18:40:00,2249.42431640625,2012.7038849679734
2013-12-18 18:50:00,2053.96044921875,2101.41369381583
2013-12-18 19:00:00,1816.889404296875,2022.3208430291147
2013-12-18 19:10:00,1563.8443603515625,1865.739539886611
2013-12-18 19:20:00,1361.1314697265625,1651.8453201026985
2013-12-18 19:30:00,1359.34912109375,1432.1213179802257
2013-12-18 19:40:00,1122.939208984375,1322.1881739235794
2013-12-18 19:50:00,1047.698486328125,1120.4217183676863
2013-12-18 20:00:00,934.5903930664062,989.4544083680628
2013-12-18 20:10:00,878.99462890625,860.5469510998364
2013-12-18 20:20:00,939.0479736328125,773.7855149383503
2013-12-18 20:30:00,931.84375,775.3085214785981
2013-12-18 20:40:00,897.6300048828125,778.7124084921018
2013-12-18 20:50:00,941.4696655273438,775.8783713856169
2013-12-18 21:00:00,818.764892578125,816.4166168875624
2013-12-18 21:10:00,795.2893676757812,773.479160731704
2013-12-18 21:20:00,607.259033203125,755.7306247495807
2013-12-18 21:30:00,577.614501953125,640.9541560547842
2013-12-18 21:40:00,573.2877807617188,578.59756600028
2013-12-18 21:50:00,500.4102783203125,542.9489010111888
2013-12-18 22:00:00,455.1563720703125,482.00878743095353
2013-12-18 22:10:00,554.728515625,430.9874836932129
2013-12-18 22:20:00,436.3055419921875,468.1609308527453
2013-12-18 22:30:00,399.05322265625,414.1776336762239
2013-12-18 22:40:00,359.2209777832031,378.9019311784351
2013-12-18 22:50:00,315.0364990234375,341.4851882951503
2013-12-18 23:00:00,273.4621276855469,300.35764269658046
2013-12-18 23:10:00,266.7779541015625,258.8941179226166
2013-12-18 23:20:00,260.1153564453125,237.48774387672745
2013-12-18 23:30:00,248.25465393066406,224.46336288166702
2013-12-18 23:40:00,240.81382751464844,213.96155124783127
2013-12-18 23:50:00,216.99612426757812,208.1963413152307
2013-12-19 00:00:00,203.7370147705078,194.78215434440307
2013-12-19 00:10:00,198.60308837890625,184.413054522466
2013-12-19 00:20:00,166.52259826660156,178.8894335418286
2013-12-19 00:30:00,162.96861267089844,159.19273923155993
2013-12-19 00:40:00,188.3351593017578,150.60043535505488
2013-12-19 00:50:00,145.8238525390625,162.14338439417764
2013-12-19 01:00:00,147.12191772460938,142.71437378865593
2013-12-19 01:10:00,160.44969177246094,138.24768912147857
2013-12-19 01:20:00,166.74879455566406,144.11118060071917
2013-12-19 01:30:00,141.24427795410156,150.96475763473092
2013-12-19 01:40:00,165.23680114746094,140.54690613612505
2013-12-19 01:50:00,149.5785675048828,152.23055987867008
2013-12-19 02:00:00,138.2446746826172,147.733105406686
2013-12-19 02:10:00,164.3064727783203,140.75306018725195
2013-12-19 02:20:00,146.30841064453125,153.3882247517794
2013-12-19 02:30:00,139.70875549316406,147.58335670020122
2013-12-19 02:40:00,157.33387756347656,142.6655106261416
2013-12-19 02:50:00,149.20889282226562,150.82229271658034
2013-12-19 03:00:00,137.0372314453125,148.97717900205603
2013-12-19 03:10:00,161.10104370117188,141.85749418470323
2013-12-19 03:20:00,148.35447692871094,153.13041841118564
2013-12-19 03:30:00,137.69329833984375,149.62835755348684
2013-12-19 03:40:00,167.3306121826172,142.93233278847356
2013-12-19 03:50:00,163.06082153320312,157.5004377697407
2013-12-19 04:00:00,147.2209930419922,160.3585265699677
2013-12-19 04:10:00,192.2841339111328,153.55753767139703
2013-12-19 04:20:00,164.0956573486328,177.82619726271085
2013-12-19 04:30:00,135.68304443359375,170.55518486920488
2013-12-19 04:40:00,199.3353729248047,152.82789900302183
2013-12-19 04:50:00,156.33419799804688,182.3541173394051
2013-12-19 05:00:00,143.29754638671875,167.03900037370266
2013-12-19 05:10:00,201.3101043701172,155.32419287211505
2013-12-19 05:20:00,182.291015625,183.38608357914757
2013-12-19 05:30:00,132.8499298095703,182.2787768329739
2013-12-19 05:40:00,189.56500244140625,155.08722273593088
2013-12-19 05:50:00,175.28590393066406,177.38628839985893
2013-12-19 06:00:00,209.46092224121094,175.2893913369685
2013-12-19 06:10:00,197.42626953125,196.2956522369063
2013-12-19 06:20:00,202.9594268798828,198.0682140543665
2013-12-19 06:30:00,214.50131225585938,204.05976460778035
2013-12-19 06:40:00,260.04193115234375,213.57174547347296
2013-12-19 06:50:00,295.9329833984375,244.63100716217247
2013-12-19 07:00:00,336.1888427734375,279.3453799060784
2013-12-19 07:10:00,346.6017761230469,320.3136948459694
2013-12-19 07:20:00,421.73101806640625,346.6705790919458
2013-12-19 07:30:00,481.9643249511719,405.36052340687354
2013-12-19 07:40:00,601.5927734375,466.8356555529947
2013-12-19 07:50:00,599.533203125,567.12461080592
2013-12-19 08:00:00,712.6776733398438,611.9220144835317
2013-12-19 08:10:00,731.2898559570312,704.7411027003396
2013-12-19 08:20:00,881.4928588867188,755.7489100741083
2013-12-19 08:30:00,938.4454345703125,870.1153301146674
2013-12-19 08:40:00,968.3064575195312,951.6977914611768
2013-12-19 08:50:00,1094.8314208984375,1008.6963847316603
2013-12-19 09:00:00,1200.478271484375,1109.5320066501959
2013-12-19 09:10:00,1328.8692626953125,1212.7837376306654
2013-12-19 09:20:00,1369.333251953125,1334.1416630190138
2013-12-19 09:30:00,1536.333984375,1411.7014689281407
2013-12-19 09:40:00,1525.574462890625,1547.0592815401797
2013-12-19 09:50:00,1748.487548828125,1596.6460102658111
2013-12-19 10:00:00,1705.1343994140625,1753.01035031394
2013-12-19 10:10:00,1640.975830078125,1788.4483480331041
2013-12-19 10:20:00,1752.9141845703125,1770.0429733978135
2013-12-19 10:30:00,1811.5050048828125,1822.3542972240073
2013-12-19 10:40:00,2033.2498779296875,1865.750216882405
2013-12-19 10:50:00,2075.60888671875,2009.3924011812571
2013-12-19 11:00:00,2112.008056640625,2090.767082275213
2013-12-19 11:10:00,2250.8095703125,2153.416604372871
2013-12-19 11:20:00,2272.695556640625,2263.859484827643
2013-12-19 11:30:00,2422.83740234375,2321.69475188951
2013-12-19 11:40:00,2519.571044921875,2437.334984523412
2013-12-19 11:50:00,2550.73974609375,2540.7974843814377
2013-12-19 12:00:00,2612.727294921875,2605.202316283567
2013-12-19 12:10:00,3039.800048828125,2670.7745191999034
2013-12-19 12:20:00,2852.512939453125,2948.2892919873057
2013-12-19 12:30:00,3025.521728515625,2950.7348697643497
2013-12-19 12:40:00,3178.003662109375,3072.111395243832
2013-12-19 12:50:00,3164.610107421875,3205.7057553715663
2013-12-19 13:00:00,3233.07763671875,3253.1657348092376
2013-12-19 13:10:00,3090.1611328125,3315.628258479576
2013-12-19 13:20:00,3221.235107421875,3250.85728359646
2013-12-19 13:30:00,3101.956787109375,3295.0964906003223
2013-12-19 13:40:00,3170.1220703125,3225.2957539205518
2013-12-19 13:50:00,2813.046875,3229.436114379623
2013-12-19 14:00:00,3081.087890625,3005.3637439939853
2013-12-19 14:10:00,2803.15234375,3063.1566134584928
2013-12-19 14:20:00,2675.912353515625,2896.6118513368824
2013-12-19 14:30:00,2859.809326171875,2752.856087693142
2013-12-19 14:40:00,2725.687744140625,2786.788873133826
2013-12-19 14:50:00,2707.0849609375,2708.2634563852457
2013-12-19 15:00:00,2775.115478515625,2671.169540052653
2013-12-19 15:10:00,2550.001220703125,2695.2906651360645
2013-12-19 15:20:00,2465.358154296875,2574.2707863868254
2013-12-19 15:30:00,2721.6455078125,2481.8314788119656
2013-12-19 15:40:00,2421.696533203125,2588.80911666843
2013-12-19 15:50:00,2695.79345703125,2451.0532007056713
2013-12-19 16:00:00,2630.882080078125,2571.070442084042
2013-12-19 16:10:00,2422.981689453125,2576.844350274518
2013-12-19 16:20:00,2348.165283203125,2471.6358892178696
2013-12-19 16:30:00,2585.51123046875,2389.7068276383784
2013-12-19 16:40:00,2341.86572265625,2488.001739234337
2013-12-19 16:50:00,2364.462890625,2377.7682109929265
2013-12-19 17:00:00,2397.91259765625,2356.771665907864
2013-12-19 17:10:00,2289.920166015625,2361.514690529868
2013-12-19 17:20:00,2206.828369140625,2299.0875094143375
2013-12-19 17:30:00,2457.14990234375,2227.228892940398
2013-12-19 17:40:00,2152.3701171875,2342.376349865032
2013-12-19 17:50:00,2106.9150390625,2205.8012241149727
2013-12-19 18:00:00,2293.48828125,2135.9106529399874
2013-12-19 18:10:00,1955.9197998046875,2208.335782149247
2013-12-19 18:20:00,1776.113037109375,2033.1884538645447
2013-12-19 18:30:00,1724.0902099609375,1863.2361432030468
2013-12-19 18:40:00,1596.0059814453125,1748.5146127558837
2013-12-19 18:50:00,1762.8009033203125,1609.3854551770057
2013-12-19 19:00:00,1427.14013671875,1642.0383418916495
2013-12-19 19:10:00,1410.21240234375,1450.4338253952906
2013-12-19 19:20:00,1136.007080078125,1371.7982324255663
2013-12-19 19:30:00,972.0032958984375,1168.6415535866277
2013-12-19 19:40:00,1047.5853271484375,986.4399566482898
2013-12-19 19:50:00,1053.2525634765625,944.4464740618864
2013-12-19 20:00:00,933.2017211914062,921.5852564208647
2013-12-19 20:10:00,964.4520263671875,848.4366099270023
2013-12-19 20:20:00,828.5006713867188,848.3439040247544
2013-12-19 20:30:00,726.729736328125,774.2700433644492
2013-12-19 20:40:00,716.8352661132812,694.3410198433321
2013-12-19 20:50:00,639.6995239257812,658.3395260185872
2013-12-19 21:00:00,712.0560913085938,598.1028806477354
2013-12-19 21:10:00,645.3369140625,619.8617519608729
2013-12-19 21:20:00,570.9345703125,591.6789229078951
2013-12-19 21:30:00,600.0463256835938,545.3954415551842
2013-12-19 21:40:00,605.251708984375,548.0071723782387
2013-12-19 21:50:00,511.0779724121094,553.3607406070114
2013-12-19 22:00:00,437.0726318359375,504.9609922352031
2013-12-19 22:10:00,414.0997009277344,446.31076541214503
2013-12-19 22:20:00,412.7514953613281,407.4102330021248
2013-12-19 22:30:00,418.3298034667969,387.29466881031783
2013-12-19 22:40:00,381.4113464355469,381.1611402078727
2013-12-19 22:50:00,291.50494384765625,358.3423814556943
2013-12-19 23:00:00,320.15728759765625,298.9652924234747
2013-12-19 23:10:00,294.3912353515625,292.6113577966958
2013-12-19 23:20:00,295.6346740722656,272.05989455177087
2013-12-19 23:30:00,255.7176513671875,266.2982890717054
2013-12-19 23:40:00,205.22799682617188,241.81342805092848
2013-12-19 23:50:00,213.16452026367188,204.33057267650554
2013-12-20 00:00:00,240.61660766601562,193.9441655683105
2013-12-20 00:10:00,173.8983154296875,204.6494678203498
2013-12-20 00:20:00,178.072998046875,171.01705220747505
2013-12-20 00:30:00,174.97178649902344,163.20928265556321
2013-12-20 00:40:00,152.33877563476562,157.5083466465998
2013-12-20 00:50:00,179.99977111816406,142.7936510908075
2013-12-20 01:00:00,170.9609832763672,154.50039670246028
2013-12-20 01:10:00,159.0640106201172,154.57888295274637
2013-12-20 01:20:00,185.4585723876953,150.41380501746886
2013-12-20 01:30:00,189.0693359375,166.0524335276754
2013-12-20 01:40:00,159.00279235839844,175.57236180233247
2013-12-20 01:50:00,173.21514892578125,164.21762708285374
2013-12-20 02:00:00,173.38697814941406,169.6539985563862
2013-12-20 02:10:00,210.31947326660156,171.30426479847137
2013-12-20 02:20:00,215.39076232910156,194.30957503329353
2013-12-20 02:30:00,176.97084045410156,207.26811710283604
2013-12-20 02:40:00,188.72691345214844,192.31253085209636
2013-12-20 02:50:00,167.1031494140625,194.3907877455403
2013-12-20 03:00:00,168.701171875,180.62841802605104
2013-12-20 03:10:00,178.58543395996094,175.17946197892547
2013-12-20 03:20:00,154.4512481689453,176.93819629793032
2013-12-20 03:30:00,160.07485961914062,162.45224633323366
2013-12-20 03:40:00,150.4501953125,159.82904755007033
2013-12-20 03:50:00,154.78646850585938,151.7881116440274
2013-12-20 04:00:00,150.70278930664062,150.80230744992906
2013-12-20 04:10:00,151.19032287597656,147.55129893641606
2013-12-20 04:20:00,178.3251495361328,146.77735167748645
2013-12-20 04:30:00,191.7119140625,162.71199911537968
2013-12-20 04:40:00,183.11056518554688,177.73108884060963
2013-12-20 04:50:00,151.29881286621094,181.00705533880716
2013-12-20 05:00:00,187.94845581054688,165.56946297252668
2013-12-20 05:10:00,141.5484619140625,181.24300010509796
2013-12-20 05:20:00,160.45335388183594,158.54194697393962
2013-12-20 05:30:00,185.8878173828125,161.21030750595003
2013-12-20 05:40:00,173.257568359375,175.07813284721047
2013-12-20 05:50:00,208.17184448242188,173.26438743013478
2013-12-20 06:00:00,231.24176025390625,194.64112026517722
2013-12-20 06:10:00,238.36427307128906,217.3314575928738
2013-12-20 06:20:00,269.3108825683594,233.09983038054628
2013-12-20 06:30:00,315.0016784667969,260.2985833843171
2013-12-20 06:40:00,319.2533264160156,299.9915921670138
2013-12-20 06:50:00,370.5579833984375,321.08421734688596
2013-12-20 07:00:00,351.51702880859375,363.25158451547634
2013-12-20 07:10:00,379.9470520019531,370.51775136332185
2013-12-20 07:20:00,451.543212890625,392.61687025625616
2013-12-20 07:30:00,515.01220703125,442.91909064800797
2013-12-20 07:40:00,582.2493896484375,501.07937718948017
2013-12-20 07:50:00,672.0322265625,567.8197555445578
2013-12-20 08:00:00,795.0694580078125,652.5294505826481
2013-12-20 08:10:00,875.4034423828125,764.8953691596909
2013-12-20 08:20:00,944.9216918945312,864.7588609706601
2013-12-20 08:30:00,861.2545776367188,955.0316632875979
2013-12-20 08:40:00,1041.730712890625,948.5543043184289
2013-12-20 08:50:00,1133.2340087890625,1055.2356416013765
2013-12-20 09:00:00,1271.7430419921875,1146.0124383566017
2013-12-20 09:10:00,1214.0050048828125,1267.8843309557979
2013-12-20 09:20:00,1345.7906494140625,1287.0638164399309
2013-12-20 09:30:00,1532.3841552734375,1377.888056402624
2013-12-20 09:40:00,1533.1829833984375,1520.668784555691
2013-12-20 09:50:00,1678.7962646484375,1580.8279282009946
2013-12-20 10:00:00,1719.4783935546875,1698.3170305938502
2013-12-20 10:10:00,1757.8944091796875,1769.8998498924723
2013-12-20 10:20:00,1708.6900634765625,1824.8320699111578
2013-12-20 10:30:00,2034.6285400390625,1816.762328593289
2013-12-20 10:40:00,1962.3709716796875,2001.6779198881532
2013-12-20 10:50:00,2363.332763671875,2025.8512481040373
2013-12-20 11:00:00,2252.213623046875,2281.875060438791
2013-12-20 11:10:00,2384.8037109375,2319.3392632033597
2013-12-20 11:20:00,2204.1806640625,2429.7416745433397
2013-12-20 11:30:00,2347.72265625,2365.648256194591
2013-12-20 11:40:00,2479.60302734375,2422.984459955737
2013-12-20 11:50:00,2636.073974609375,2507.6773107216054
2013-12-20 12:00:00,2812.31494140625,2629.339701099785
2013-12-20 12:10:00,2759.438720703125,2784.519301872142
2013-12-20 12:20:00,3017.245849609375,2823.3133346561235
2013-12-20 12:30:00,3146.3466796875,3000.5697590527047
2013-12-20 12:40:00,3176.0791015625,3147.506030305184
2013-12-20 12:50:00,3479.5556640625,3234.2737744194446
2013-12-20 13:00:00,3186.703125,3455.9202713947375
2013-12-20 13:10:00,3374.54443359375,3373.8584044273366
2013-12-20 13:20:00,3380.032470703125,3460.305369434504
2013-12-20 13:30:00,3248.388671875,3480.291969836793
2013-12-20 13:40:00,2996.666748046875,3404.16882092609
2013-12-20 13:50:00,3311.834228515625,3214.015867130932
2013-12-20 14:00:00,3060.8154296875,3302.541505535303
2013-12-20 14:10:00,3016.486572265625,3162.7274212516654
2013-12-20 14:20:00,3036.25927734375,3079.344697977021
2013-12-20 14:30:00,2958.9619140625,3041.7007900627873
2013-12-20 14:40:00,3111.083740234375,2970.158695994054
2013-12-20 14:50:00,3076.40380859375,3027.4339924053784
2013-12-20 15:00:00,3198.595947265625,3027.213116078198
2013-12-20 15:10:00,3236.908203125,3108.9345865502846
2013-12-20 15:20:00,3257.219482421875,3171.3333606324254
2013-12-20 15:30:00,3252.412841796875,3221.2758172921904
2013-12-20 15:40:00,3503.00244140625,3248.717445612185
2013-12-20 15:50:00,3360.559814453125,3414.3856325651636
2013-12-20 16:00:00,3196.8740234375,3401.5271860939674
2013-12-20 16:10:00,3362.028076171875,3313.5308258762047
2013-12-20 16:20:00,3054.340087890625,3371.1575490324885
2013-12-20 16:30:00,3139.077880859375,3199.080350377009
2013-12-20 16:40:00,3106.479736328125,3176.875926856521
2013-12-20 16:50:00,2892.484130859375,3128.6818915558133
2013-12-20 17:00:00,2721.678466796875,2975.88329036196
2013-12-20 17:10:00,2502.031494140625,2806.3666948731025
2013-12-20 17:20:00,2476.958984375,2591.680104251547
2013-12-20 17:30:00,2399.068359375,2471.648397746947
2013-12-20 17:40:00,2195.714599609375,2357.977286029754
2013-12-20 17:50:00,2213.486083984375,2184.779661488904
2013-12-20 18:00:00,2027.098388671875,2121.9617439008543
2013-12-20 18:10:00,1895.6484375,1980.2194521451725
2013-12-20 18:20:00,1770.265869140625,1848.8462704389306
2013-12-20 18:30:00,1666.2908935546875,1719.395757545902
2013-12-20 18:40:00,1632.187744140625,1603.2720728352838
2013-12-20 18:50:00,1587.0816650390625,1534.5210160815136
2013-12-20 19:00:00,1530.3160400390625,1480.8074010054002
2013-12-20 19:10:00,1360.813232421875,1431.553602679322
2013-12-20 19:20:00,1275.253662109375,1319.2296488715058
2013-12-20 19:30:00,1136.418212890625,1229.6621064562903
2013-12-20 19:40:00,1148.07373046875,1110.543588843507
2013-12-20 19:50:00,1040.9227294921875,1068.5775663503316
2013-12-20 20:00:00,868.0179443359375,985.9099489221019
2013-12-20 20:10:00,872.7982177734375,854.7240136707142
2013-12-20 20:20:00,750.91455078125,805.1753431310538
2013-12-20 20:30:00,745.6068115234375,709.1344816720195
2013-12-20 20:40:00,707.7024536132812,669.9801121229116
2013-12-20 20:50:00,632.9456787109375,632.0195877731031
2013-12-20 21:00:00,789.1971435546875,577.6334865299422
2013-12-20 21:10:00,607.3882446289062,653.4630903010132
2013-12-20 21:20:00,640.1143188476562,581.5680260555572
2013-12-20 21:30:00,588.7999877929688,586.4008464094535
2013-12-20 21:40:00,596.255615234375,559.2837174006288
2013-12-20 21:50:00,510.94366455078125,557.601004365308
2013-12-20 22:00:00,447.9780578613281,508.68100869671997
2013-12-20 22:10:00,368.9524841308594,454.6237993546026
2013-12-20 22:20:00,317.4549560546875,383.9700265732057
2013-12-20 22:30:00,279.5534362792969,321.20292805529783
2013-12-20 22:40:00,320.1392517089844,268.31014981338365
2013-12-20 22:50:00,280.248046875,267.20808036938956
2013-12-20 23:00:00,402.95343017578125,242.1086636421859
2013-12-20 23:10:00,247.95506286621094,308.98819410664623
2013-12-20 23:20:00,240.30780029296875,248.49143403946803
2013-12-20 23:30:00,218.8822021484375,229.94476621049108
2013-12-20 23:40:00,215.27798461914062,208.2586746243297
2013-12-20 23:50:00,184.9346466064453,197.23464862052205
2013-12-21 00:00:00,219.06173706054688,174.9062712826277
2013-12-21 00:10:00,211.28956604003906,187.0393643830585
2013-12-21 00:20:00,178.0919952392578,187.80875707797694
2013-12-21 00:30:00,155.5753631591797,171.93869559664375
2013-12-21 00:40:00,151.62741088867188,154.4623461760791
2013-12-21 00:50:00,148.86251831054688,145.0136158126061
2013-12-21 01:00:00,150.27456665039062,138.91978579984183
2013-12-21 01:10:00,152.32080078125,137.44304580561737
2013-12-21 01:20:00,146.0885467529297,138.77206587141845
2013-12-21 01:30:00,124.00859832763672,136.855389915609
2013-12-21 01:40:00,140.11244201660156,124.40394336034447
2013-12-21 01:50:00,122.8316421508789,129.6146012958193
2013-12-21 02:00:00,123.50204467773438,121.18456182390078
2013-12-21 02:10:00,145.55239868164062,119.17143189621083
2013-12-21 02:20:00,124.3835678100586,131.3243203278182
2013-12-21 02:30:00,133.43507385253906,124.23897020036098
2013-12-21 02:40:00,150.8671417236328,128.4019295932788
2013-12-21 02:50:00,123.85437774658203,140.37847056706994
2013-12-21 03:00:00,127.41651153564453,130.04022662243227
2013-12-21 03:10:00,139.32252502441406,129.25546968603098
2013-12-21 03:20:00,113.52249908447266,135.1491987476661
2013-12-21 03:30:00,122.34893035888672,122.094462871299
2013-12-21 03:40:00,140.00160217285156,122.4052208517741
2013-12-21 03:50:00,113.60281372070312,131.7675113283994
2013-12-21 04:00:00,134.4670867919922,119.9887912393051
2013-12-21 04:10:00,143.6350555419922,128.47343367434323
2013-12-21 04:20:00,107.89920806884766,136.54323442906457
2013-12-21 04:30:00,125.11383056640625,119.57445880276106
2013-12-21 04:40:00,124.96248626708984,123.63981518065273
2013-12-21 04:50:00,126.6476058959961,123.65568828087741
2013-12-21 05:00:00,122.03668212890625,124.80613388750378
2013-12-21 05:10:00,118.06944274902344,122.69691768114265
2013-12-21 05:20:00,108.06587982177734,119.68755589097744
2013-12-21 05:30:00,141.4759521484375,112.38788668476545
2013-12-21 05:40:00,152.9930419921875,128.81945575711478
2013-12-21 05:50:00,118.28108978271484,141.85539858690888
2013-12-21 06:00:00,147.3312530517578,128.50095452398782
2013-12-21 06:10:00,189.9021759033203,141.71639756494577
2013-12-21 06:20:00,152.78958129882812,171.16695539710918
2013-12-21 06:30:00,164.70733642578125,162.4673757428268
2013-12-21 06:40:00,185.978515625,168.72051569381472
2013-12-21 06:50:00,186.1090850830078,182.95929642492956
2013-12-21 07:00:00,205.4703369140625,188.78156979283295
2013-12-21 07:10:00,195.52145385742188,203.44323687729477
2013-12-21 07:20:00,186.847412109375,203.73498542794746
2013-12-21 07:30:00,307.8282775878906,199.42995415960183
2013-12-21 07:40:00,278.7342834472656,268.4929738011822
2013-12-21 07:50:00,267.2710876464844,278.91428819482365
2013-12-21 08:00:00,371.5458068847656,282.4961306664908
2013-12-21 08:10:00,390.23846435546875,346.5360679770897
2013-12-21 08:20:00,500.25823974609375,383.2742884104626
2013-12-21 08:30:00,578.7703247070312,468.2799039136703
2013-12-21 08:40:00,593.7695922851562,552.7579479432796
2013-12-21 08:50:00,747.1968994140625,603.2904197956681
2013-12-21 09:00:00,979.7205200195312,721.196210234139
2013-12-21 09:10:00,1173.311279296875,909.6695186033912
2013-12-21 09:20:00,1179.3773193359375,1110.0691088142598
2013-12-21 09:30:00,1445.6949462890625,1211.575677498069
2013-12-21 09:40:00,1614.0152587890625,1425.8568064472302
2013-12-21 09:50:00,1798.5655517578125,1617.1830114605084
2013-12-21 10:00:00,1800.5888671875,1816.2539559348172
2013-12-21 10:10:00,1981.95361328125,1908.286105626543
2013-12-21 10:20:00,2393.869384765625,2060.156845001039
2013-12-21 10:30:00,2410.188232421875,2361.2856944098307
2013-12-21 10:40:00,2549.0869140625,2494.931192999433
2013-12-21 10:50:00,3001.35595703125,2646.6336767511107
2013-12-21 11:00:00,3234.331787109375,2975.7918861309568
2013-12-21 11:10:00,3248.875,3247.9243895488657
2013-12-21 11:20:00,3242.843505859375,3384.451918376151
2013-12-21 11:30:00,3648.00244140625,3447.625879564694
2013-12-21 11:40:00,3273.487060546875,3706.7191096468196
2013-12-21 11:50:00,3526.623779296875,3576.4590544002663
2013-12-21 12:00:00,3619.1962890625,3673.5766085042533
2013-12-21 12:10:00,3666.47314453125,3736.390578299327
2013-12-21 12:20:00,3364.314697265625,3777.65834335071
2013-12-21 12:30:00,3700.245849609375,3606.369773557103
2013-12-21 12:40:00,3582.89208984375,3723.336657069957
2013-12-21 12:50:00,3587.916259765625,3673.5807060326692
2013-12-21 13:00:00,3903.008544921875,3655.1189408610003
2013-12-21 13:10:00,4181.95849609375,3823.4916300943523
2013-12-21 13:20:00,4212.68701171875,4051.474857217034
2013-12-21 13:30:00,4306.0888671875,4178.142570067923
2013-12-21 13:40:00,4198.1953125,4307.87777369671
2013-12-21 13:50:00,4425.18701171875,4307.99743037986
2013-12-21 14:00:00,4268.13525390625,4447.490820716038
2013-12-21 14:10:00,4522.267578125,4403.342113117605
2013-12-21 14:20:00,4519.318359375,4537.104468548401
2013-12-21 14:30:00,4838.85791015625,4577.522168095354
2013-12-21 14:40:00,4758.90283203125,4785.665439933907
2013-12-21 14:50:00,5052.6923828125,4821.964875894091
2013-12-21 15:00:00,4866.65478515625,5022.9649950696685
2013-12-21 15:10:00,5130.2578125,4993.722210901551
2013-12-21 15:20:00,5105.8173828125,5146.892631030398
2013-12-21 15:30:00,5094.57080078125,5184.662811663912
2013-12-21 15:40:00,5165.8642578125,5196.668710970865
2013-12-21 15:50:00,5108.87158203125,5238.057896575176
2013-12-21 16:00:00,5034.08544921875,5212.103145643195
2013-12-21 16:10:00,4683.82080078125,5150.836039070941
2013-12-21 16:20:00,4655.5234375,4906.786234012816
2013-12-21 16:30:00,4559.04931640625,4773.491412438558
2013-12-21 16:40:00,4416.70556640625,4629.819266361495
2013-12-21 16:50:00,4231.896484375,4466.978557595614
2013-12-21 17:00:00,4183.09912109375,4276.044852067158
2013-12-21 17:10:00,3800.174072265625,4155.444083648462
2013-12-21 17:20:00,3722.465087890625,3866.457466856702
2013-12-21 17:30:00,3282.89404296875,3696.4436256696854
2013-12-21 17:40:00,3272.19580078125,3348.419029059153
2013-12-21 17:50:00,3332.8994140625,3190.963416362176
2013-12-21 18:00:00,3076.63720703125,3141.997113298382
2013-12-21 18:10:00,2824.0400390625,2970.361771783997
2013-12-21 18:20:00,2609.197021484375,2765.0180019306745
2013-12-21 18:30:00,2633.767333984375,2556.931972085598
2013-12-21 18:40:00,2368.935546875,2482.8178828714636
2013-12-21 18:50:00,2295.63232421875,2292.5180003370547
2013-12-21 19:00:00,2077.227294921875,2180.528114842677
2013-12-21 19:10:00,1861.79052734375,2005.7077402515813
2013-12-21 19:20:00,1622.7635498046875,1811.7804586729314
2013-12-21 19:30:00,1412.6158447265625,1590.049200910721
2013-12-21 19:40:00,1186.041259765625,1370.5521915563577
2013-12-21 19:50:00,1268.32470703125,1139.4197964677765
2013-12-21 20:00:00,1114.9522705078125,1086.8357891426735
2013-12-21 20:10:00,1108.4267578125,969.944474264484
2013-12-21 20:20:00,998.3727416992188,931.7898781541026
2013-12-21 20:30:00,1004.1273803710938,861.3787276630566
2013-12-21 20:40:00,837.0803833007812,851.3012983247834
2013-12-21 20:50:00,820.9801635742188,759.9524181581653
2013-12-21 21:00:00,1047.5771484375,726.9802780541968
2013-12-21 21:10:00,895.1614379882812,852.4545180338177
2013-12-21 21:20:00,773.6697998046875,823.1019349433078
2013-12-21 21:30:00,779.065673828125,762.2323449283144
2013-12-21 21:40:00,838.581298828125,747.5127106652473
2013-12-21 21:50:00,807.038818359375,776.1178857684821
2013-12-21 22:00:00,715.890869140625,771.8836205956668
2013-12-21 22:10:00,553.2155151367188,723.2328217326599
2013-12-21 22:20:00,430.62640380859375,610.2820192721333
2013-12-21 22:30:00,447.70501708984375,488.21642629243286
2013-12-21 22:40:00,377.8843078613281,437.5585502822214
2013-12-21 22:50:00,412.2064208984375,364.51423312184176
2013-12-21 23:00:00,413.07769775390625,352.43473322707035
2013-12-21 23:10:00,471.0095520019531,346.4318090742523
2013-12-21 23:20:00,363.9900207519531,383.2388034254696
2013-12-21 23:30:00,315.4377746582031,341.84645543158393
2013-12-21 23:40:00,296.5770263671875,305.77559696197704
2013-12-21 23:50:00,202.5458526611328,280.9231305392352
2013-12-22 00:00:00,218.8316192626953,214.6162637163738
2013-12-22 00:10:00,219.84820556640625,196.96603539993217
2013-12-22 00:20:00,202.8252410888672,186.7493813709832
2013-12-22 00:30:00,209.57049560546875,173.53346975744677
2013-12-22 00:40:00,187.7339630126953,174.80941243546778
2013-12-22 00:50:00,179.75450134277344,164.94508647231794
2013-12-22 01:00:00,176.4017791748047,159.58980689192157
2013-12-22 01:10:00,158.61143493652344,157.43797294066763
2013-12-22 01:20:00,179.52647399902344,147.88388776681452
2013-12-22 01:30:00,149.51907348632812,158.09982989884685
2013-12-22 01:40:00,161.56744384765625,145.4655835598299
2013-12-22 01:50:00,163.0807342529297,149.71751178442963
2013-12-22 02:00:00,154.2881622314453,152.53987694407087
2013-12-22 02:10:00,142.01268005371094,149.79458214360977
2013-12-22 02:20:00,152.53968811035156,142.57061889196038
2013-12-22 02:30:00,146.83547973632812,146.18698008731153
2013-12-22 02:40:00,155.61834716796875,144.06240107790612
2013-12-22 02:50:00,150.78140258789062,149.06473319675837
2013-12-22 03:00:00,144.24456787109375,148.54887010235294
2013-12-22 03:10:00,142.6223907470703,145.27401010190036
2013-12-22 03:20:00,149.29714965820312,143.19662730042546
2013-12-22 03:30:00,154.07322692871094,146.0830539963904
2013-12-22 03:40:00,146.93765258789062,149.979301292639
2013-12-22 03:50:00,136.6379852294922,147.78530093087036
2013-12-22 04:00:00,175.04290771484375,141.32226612694944
2013-12-22 04:10:00,186.4360809326172,161.21674076113175
2013-12-22 04:20:00,153.200439453125,175.6428526113486
2013-12-22 04:30:00,166.23944091796875,163.97731795641508
2013-12-22 04:40:00,139.73802185058594,168.46580247819298
2013-12-22 04:50:00,167.03907775878906,153.39562628473215
2013-12-22 05:00:00,157.21971130371094,163.05643278639815
2013-12-22 05:10:00,191.1253204345703,159.48730131545375
2013-12-22 05:20:00,174.4411163330078,178.60567624578013
2013-12-22 05:30:00,180.5087127685547,176.4783060305239
2013-12-22 05:40:00,198.5891876220703,180.99112689629894
2013-12-22 05:50:00,175.94361877441406,193.46991400828057
2013-12-22 06:00:00,185.95254516601562,185.41955700776177
2013-12-22 06:10:00,169.1295166015625,188.88253399369086
2013-12-22 06:20:00,143.04139709472656,179.29289989113977
2013-12-22 06:30:00,192.02542114257812,159.5851536130943
2013-12-22 06:40:00,183.36688232421875,178.97513630963653
2013-12-22 06:50:00,239.69345092773438,179.6528341344163
2013-12-22 07:00:00,326.5199279785156,214.965768002746
2013-12-22 07:10:00,212.49551391601562,281.6849522422945
2013-12-22 07:20:00,256.83148193359375,245.85777691652316
2013-12-22 07:30:00,264.2037353515625,263.864295553945
2013-12-22 07:40:00,247.04820251464844,271.98270853033563
2013-12-22 07:50:00,314.69970703125,264.89870227134793
2013-12-22 08:00:00,313.3324279785156,301.47115071013525
2013-12-22 08:10:00,306.60723876953125,314.0710510014033
2013-12-22 08:20:00,363.2164001464844,317.7420507300023
2013-12-22 08:30:00,477.09918212890625,353.3421867246839
2013-12-22 08:40:00,481.28082275390625,434.8076422904399
2013-12-22 08:50:00,628.9663696289062,473.61176990282894
2013-12-22 09:00:00,752.0723266601562,584.2739113966942
2013-12-22 09:10:00,1039.009033203125,706.2617052106168
2013-12-22 09:20:00,1109.2445068359375,935.5522557773271
2013-12-22 09:30:00,1499.9974365234375,1082.6998478226144
2013-12-22 09:40:00,1590.5736083984375,1394.1822505452449
2013-12-22 09:50:00,1928.798095703125,1587.82522522594
2013-12-22 10:00:00,1946.36376953125,1890.8581512594928
2013-12-22 10:10:00,2241.66015625,2037.4110503691525
2013-12-22 10:20:00,2523.81201171875,2288.5772218288075
2013-12-22 10:30:00,2756.87548828125,2558.8759729968842
2013-12-22 10:40:00,2699.02001953125,2814.5468295413907
2013-12-22 10:50:00,2903.1015625,2894.27206442237
2013-12-22 11:00:00,3042.71728515625,3052.5889161657697
2013-12-22 11:10:00,3280.68994140625,3186.549055154983
2013-12-22 11:20:00,3364.45166015625,3373.8964957619783
2013-12-22 11:30:00,3447.205810546875,3492.576391000046
2013-12-22 11:40:00,3336.6689453125,3588.4255607515843
2013-12-22 11:50:00,3495.5400390625,3555.208124403171
2013-12-22 12:00:00,3447.93798828125,3624.687029220417
2013-12-22 12:10:00,3590.768310546875,3603.2094754578084
2013-12-22 12:20:00,3526.78125,3667.1413695358947
2013-12-22 12:30:00,3253.58837890625,3639.8943229511597
2013-12-22 12:40:00,3656.295166015625,3460.55139411978
2013-12-22 12:50:00,3641.777587890625,3611.361585171255
2013-12-22 13:00:00,3755.1689453125,3639.481349493574
2013-12-22 13:10:00,3838.62451171875,3725.6442306339277
2013-12-22 13:20:00,4022.769775390625,3813.026186467888
2013-12-22 13:30:00,4031.1904296875,3964.6146632433665
2013-12-22 13:40:00,3989.15478515625,4039.242256202174
2013-12-22 13:50:00,3896.522705078125,4056.976551587066
2013-12-22 14:00:00,4405.14892578125,4012.4182005030143
2013-12-22 14:10:00,4405.349609375,4289.098309710159
2013-12-22 14:20:00,4582.6865234375,4392.6080644039175
2013-12-22 14:30:00,4855.88330078125,4560.492073629006
2013-12-22 14:40:00,4642.75830078125,4799.096470744864
2013-12-22 14:50:00,4732.50341796875,4781.760051953468
2013-12-22 15:00:00,4865.47900390625,4841.937932543454
2013-12-22 15:10:00,5169.10107421875,4933.462299062629
2013-12-22 15:20:00,5439.8388671875,5142.363813033084
2013-12-22 15:30:00,5073.7880859375,5386.383528383928
2013-12-22 15:40:00,5115.474609375,5281.8485483013
2013-12-22 15:50:00,5143.18017578125,5276.913387459561
2013-12-22 16:00:00,5037.30322265625,5269.276817533131
2013-12-22 16:10:00,5122.9658203125,5186.308119297648
2013-12-22 16:20:00,4663.9794921875,5188.6178399079945
2013-12-22 16:30:00,4538.05224609375,4900.067198812904
2013-12-22 16:40:00,4640.53662109375,4696.750588041657
2013-12-22 16:50:00,4441.5380859375,4639.109303265913
2013-12-22 17:00:00,4050.559814453125,4472.451184276413
2013-12-22 17:10:00,3920.096435546875,4167.177739246766
2013-12-22 17:20:00,3776.73388671875,3952.664984649562
2013-12-22 17:30:00,3411.486083984375,3755.3583411287186
2013-12-22 17:40:00,3250.289794921875,3443.954210679123
2013-12-22 17:50:00,3108.092529296875,3211.8049366799837
2013-12-22 18:00:00,2732.263671875,3015.7049229181266
2013-12-22 18:10:00,2419.375,2705.2471694609903
2013-12-22 18:20:00,2101.7080078125,2391.0057445877296
2013-12-22 18:30:00,1874.940185546875,2062.810264257622
2013-12-22 18:40:00,1728.86181640625,1781.728157564743
2013-12-22 18:50:00,1395.57666015625,1568.6115144847013
2013-12-22 19:00:00,1422.6219482421875,1280.073896743824
2013-12-22 19:10:00,1305.62939453125,1182.236391068126
2013-12-22 19:20:00,1191.2470703125,1073.2577801541215
2013-12-22 19:30:00,1004.4743041992188,979.0044584300662
2013-12-22 19:40:00,862.5658569335938,848.4585815925219
2013-12-22 19:50:00,911.086181640625,727.8621901025513
2013-12-22 20:00:00,751.5697631835938,717.4570180616114
2013-12-22 20:10:00,570.847412109375,628.078308822612
2013-12-22 20:20:00,561.2426147460938,502.1585958247816
2013-12-22 20:30:00,603.31787109375,453.5505789858803
2013-12-22 20:40:00,408.24664306640625,460.8793264481151
2013-12-22 20:50:00,505.84893798828125,357.180915908157
2013-12-22 21:00:00,695.2950439453125,385.66506348814835
2013-12-22 21:10:00,543.6568603515625,512.0602925603056
2013-12-22 21:20:00,428.6096496582031,487.91316285727487
2013-12-22 21:30:00,377.45849609375,432.32477624888645
2013-12-22 21:40:00,399.6470947265625,384.9647476944409
2013-12-22 21:50:00,363.4125671386719,376.4195242254922
2013-12-22 22:00:00,364.12872314453125,348.88564160688975
2013-12-22 22:10:00,287.4036560058594,339.4078041342559
2013-12-22 22:20:00,268.6712646484375,290.5711997083313
2013-12-22 22:30:00,253.78546142578125,260.99647606477697
2013-12-22 22:40:00,274.7999572753906,237.92678940865238
2013-12-22 22:50:00,230.58258056640625,240.19694880587681
2013-12-22 23:00:00,387.52215576171875,215.63169379217103
2013-12-22 23:10:00,303.2479248046875,301.5292454300552
2013-12-22 23:20:00,223.93194580078125,288.589664829593
2013-12-22 23:30:00,207.7862548828125,247.35642832366008
2013-12-22 23:40:00,174.15248107910156,222.32464969135418
2013-12-22 23:50:00,156.385009765625,188.42568067031735
